media_id,event_id,media_link,publish_date
M00001,E0017,https://www.charleston-sc.gov/DocumentCenter/View/8627/City-of-Charleston-City-Council-Meetings-for-2026,2026-10-27
M00002,E0018,https://www.charleston-sc.gov/DocumentCenter/View/8627/City-of-Charleston-City-Council-Meetings-for-2026,2026-11-10
M00003,E0019,https://www.charleston-sc.gov/DocumentCenter/View/8627/City-of-Charleston-City-Council-Meetings-for-2026,2026-11-17
M00004,E0020,https://www.charleston-sc.gov/DocumentCenter/View/8627/City-of-Charleston-City-Council-Meetings-for-2026,2026-12-01
M00005,E0021,https://www.charleston-sc.gov/DocumentCenter/View/8627/City-of-Charleston-City-Council-Meetings-for-2026,2026-12-15
M00006,E0029,https://engage.charlestoncounty.org/h1086,2026-08-10
M00007,E0030,https://engage.charlestoncounty.org/h1086,2026-09-14
M00008,E0031,https://engage.charlestoncounty.org/h1086,2026-10-12
M00009,E0032,https://engage.charlestoncounty.org/h1086,2026-11-09
M00010,E0033,https://engage.charlestoncounty.org/h1086,2026-12-14
M00011,E0041,https://www.charleston-sc.gov/173/Planning-Commission-PC,2026-08-19
M00012,E0042,https://www.charleston-sc.gov/173/Planning-Commission-PC,2026-09-16
M00013,E0043,https://www.charleston-sc.gov/173/Planning-Commission-PC,2026-10-21
M00014,E0044,https://www.charleston-sc.gov/173/Planning-Commission-PC,2026-11-18
M00015,E0045,https://www.charleston-sc.gov/173/Planning-Commission-PC,2026-12-16
M00016,E0065,https://www.charlestoncounty.gov/departments/county-council/index.php,2026-10-27
M00017,E0066,https://www.charlestoncounty.gov/departments/county-council/index.php,2026-11-10
M00018,E0067,https://www.charlestoncounty.gov/departments/county-council/index.php,2026-11-24
M00019,E0068,https://www.charlestoncounty.gov/departments/county-council/index.php,2026-12-08
M00020,E0069,https://www.charlestoncounty.gov/departments/county-council/index.php,2026-12-22
M00021,E0090,https://www.ccsdschools.com/about-us/information-and-publications/public-meetings,2026-10-26
M00022,E0091,https://www.ccsdschools.com/about-us/information-and-publications/public-meetings,2026-11-09
M00023,E0092,https://www.ccsdschools.com/about-us/information-and-publications/public-meetings,2026-11-23
M00024,E0093,https://www.ccsdschools.com/about-us/information-and-publications/public-meetings,2026-12-14
M00025,E0094,https://www.ccsdschools.com/about-us/information-and-publications/public-meetings,2026-12-28
M00026,E0102,https://www.charleston-sc.gov/DocumentCenter/View/3734/City-of-Charleston-2026-Boards-and-Commissions-Meeting-Schedule,2026-08-03
M00027,E0103,https://www.charleston-sc.gov/DocumentCenter/View/3734/City-of-Charleston-2026-Boards-and-Commissions-Meeting-Schedule,2026-09-07
M00028,E0104,https://www.charleston-sc.gov/DocumentCenter/View/3734/City-of-Charleston-2026-Boards-and-Commissions-Meeting-Schedule,2026-10-05
M00029,E0105,https://www.charleston-sc.gov/DocumentCenter/View/3734/City-of-Charleston-2026-Boards-and-Commissions-Meeting-Schedule,2026-11-02
M00030,E0106,https://www.charleston-sc.gov/DocumentCenter/View/3734/City-of-Charleston-2026-Boards-and-Commissions-Meeting-Schedule,2026-12-07
M00031,E0271,https://www.charleston-sc.gov/DocumentCenter/View/3734/City-of-Charleston-2026-Boards-and-Commissions-Meeting-Schedule,2026-10-21
M00032,E0117,https://www.charleston-sc.gov/DocumentCenter/View/3734/City-of-Charleston-2026-Boards-and-Commissions-Meeting-Schedule,2026-11-03
M00033,E0272,https://www.charleston-sc.gov/DocumentCenter/View/3734/City-of-Charleston-2026-Boards-and-Commissions-Meeting-Schedule,2026-11-18
M00034,E0118,https://www.charleston-sc.gov/DocumentCenter/View/3734/City-of-Charleston-2026-Boards-and-Commissions-Meeting-Schedule,2026-12-01
M00035,E0273,https://www.charleston-sc.gov/DocumentCenter/View/3734/City-of-Charleston-2026-Boards-and-Commissions-Meeting-Schedule,2026-12-16
M00036,E0147,https://www.charleston-sc.gov/DocumentCenter/View/3734/City-of-Charleston-2026-Boards-and-Commissions-Meeting-Schedule,2026-08-05
M00037,E0151,https://www.charleston-sc.gov/DocumentCenter/View/3734/City-of-Charleston-2026-Boards-and-Commissions-Meeting-Schedule,2026-09-02
M00038,E0155,https://www.charleston-sc.gov/DocumentCenter/View/3734/City-of-Charleston-2026-Boards-and-Commissions-Meeting-Schedule,2026-10-07
M00039,E0159,https://www.charleston-sc.gov/DocumentCenter/View/3734/City-of-Charleston-2026-Boards-and-Commissions-Meeting-Schedule,2026-11-04
M00040,E0163,https://www.charleston-sc.gov/DocumentCenter/View/3734/City-of-Charleston-2026-Boards-and-Commissions-Meeting-Schedule,2026-12-02
M00041,E0148,https://www.charleston-sc.gov/DocumentCenter/View/3734/City-of-Charleston-2026-Boards-and-Commissions-Meeting-Schedule,2026-08-05
M00042,E0152,https://www.charleston-sc.gov/DocumentCenter/View/3734/City-of-Charleston-2026-Boards-and-Commissions-Meeting-Schedule,2026-09-02
M00043,E0156,https://www.charleston-sc.gov/DocumentCenter/View/3734/City-of-Charleston-2026-Boards-and-Commissions-Meeting-Schedule,2026-10-07
M00044,E0160,https://www.charleston-sc.gov/DocumentCenter/View/3734/City-of-Charleston-2026-Boards-and-Commissions-Meeting-Schedule,2026-11-04
M00045,E0164,https://www.charleston-sc.gov/DocumentCenter/View/3734/City-of-Charleston-2026-Boards-and-Commissions-Meeting-Schedule,2026-12-02
M00046,E0149,https://www.charleston-sc.gov/DocumentCenter/View/3734/City-of-Charleston-2026-Boards-and-Commissions-Meeting-Schedule,2026-08-05
M00047,E0153,https://www.charleston-sc.gov/DocumentCenter/View/3734/City-of-Charleston-2026-Boards-and-Commissions-Meeting-Schedule,2026-09-02
M00048,E0157,https://www.charleston-sc.gov/DocumentCenter/View/3734/City-of-Charleston-2026-Boards-and-Commissions-Meeting-Schedule,2026-10-07
M00049,E0161,https://www.charleston-sc.gov/DocumentCenter/View/3734/City-of-Charleston-2026-Boards-and-Commissions-Meeting-Schedule,2026-11-04
M00050,E0165,https://www.charleston-sc.gov/DocumentCenter/View/3734/City-of-Charleston-2026-Boards-and-Commissions-Meeting-Schedule,2026-12-02
M00051,E0150,https://www.charleston-sc.gov/DocumentCenter/View/3734/City-of-Charleston-2026-Boards-and-Commissions-Meeting-Schedule,2026-08-05
M00052,E0154,https://www.charleston-sc.gov/DocumentCenter/View/3734/City-of-Charleston-2026-Boards-and-Commissions-Meeting-Schedule,2026-09-02
M00053,E0158,https://www.charleston-sc.gov/DocumentCenter/View/3734/City-of-Charleston-2026-Boards-and-Commissions-Meeting-Schedule,2026-10-07
M00054,E0162,https://www.charleston-sc.gov/DocumentCenter/View/3734/City-of-Charleston-2026-Boards-and-Commissions-Meeting-Schedule,2026-11-04
M00055,E0166,https://www.charleston-sc.gov/DocumentCenter/View/3734/City-of-Charleston-2026-Boards-and-Commissions-Meeting-Schedule,2026-12-02
M00056,E0167,https://www.charleston-sc.gov/DocumentCenter/View/3734/City-of-Charleston-2026-Boards-and-Commissions-Meeting-Schedule,2026-02-04
M00057,E0167,https://www.youtube.com/@CityofCharlestonSCgov/streams,2026-02-04
M00058,E0168,https://www.charleston-sc.gov/DocumentCenter/View/3734/City-of-Charleston-2026-Boards-and-Commissions-Meeting-Schedule,2026-05-06
M00059,E0168,https://www.youtube.com/@CityofCharlestonSCgov/streams,2026-05-06
M00060,E0169,https://www.charleston-sc.gov/DocumentCenter/View/3734/City-of-Charleston-2026-Boards-and-Commissions-Meeting-Schedule,2026-08-05
M00061,E0169,https://www.youtube.com/@CityofCharlestonSCgov/streams,2026-08-05
M00062,E0170,https://www.charleston-sc.gov/DocumentCenter/View/3734/City-of-Charleston-2026-Boards-and-Commissions-Meeting-Schedule,2026-11-04
M00063,E0170,https://www.youtube.com/@CityofCharlestonSCgov/streams,2026-11-04
M00064,E0173,https://www.charleston-sc.gov/DocumentCenter/View/3734/City-of-Charleston-2026-Boards-and-Commissions-Meeting-Schedule,2026-05-06
M00065,E0174,https://www.charleston-sc.gov/DocumentCenter/View/3734/City-of-Charleston-2026-Boards-and-Commissions-Meeting-Schedule,2026-06-03
M00066,E0175,https://www.charleston-sc.gov/DocumentCenter/View/3734/City-of-Charleston-2026-Boards-and-Commissions-Meeting-Schedule,2026-08-05
M00067,E0176,https://www.charleston-sc.gov/DocumentCenter/View/3734/City-of-Charleston-2026-Boards-and-Commissions-Meeting-Schedule,2026-10-07
M00068,E0177,https://www.charleston-sc.gov/DocumentCenter/View/3734/City-of-Charleston-2026-Boards-and-Commissions-Meeting-Schedule,2026-11-04
M00069,E0185,https://www.charleston-sc.gov/DocumentCenter/View/3734/City-of-Charleston-2026-Boards-and-Commissions-Meeting-Schedule,2026-08-10
M00070,E0186,https://www.charleston-sc.gov/DocumentCenter/View/3734/City-of-Charleston-2026-Boards-and-Commissions-Meeting-Schedule,2026-09-14
M00071,E0187,https://www.charleston-sc.gov/DocumentCenter/View/3734/City-of-Charleston-2026-Boards-and-Commissions-Meeting-Schedule,2026-10-12
M00072,E0188,https://www.charleston-sc.gov/DocumentCenter/View/3734/City-of-Charleston-2026-Boards-and-Commissions-Meeting-Schedule,2026-11-09
M00073,E0189,https://www.charleston-sc.gov/DocumentCenter/View/3734/City-of-Charleston-2026-Boards-and-Commissions-Meeting-Schedule,2026-12-14
M00074,E0379,https://www.charleston-sc.gov/DocumentCenter/View/3734/City-of-Charleston-2026-Boards-and-Commissions-Meeting-Schedule,2026-10-27
M00075,E0379,https://www.youtube.com/@CityofCharlestonSCgov/streams,2026-10-27
M00076,E0200,https://www.charleston-sc.gov/DocumentCenter/View/3734/City-of-Charleston-2026-Boards-and-Commissions-Meeting-Schedule,2026-11-10
M00077,E0200,https://www.youtube.com/@CityofCharlestonSCgov/streams,2026-11-10
M00078,E0384,https://www.charleston-sc.gov/DocumentCenter/View/3734/City-of-Charleston-2026-Boards-and-Commissions-Meeting-Schedule,2026-11-24
M00079,E0384,https://www.youtube.com/@CityofCharlestonSCgov/streams,2026-11-24
M00080,E0201,https://www.charleston-sc.gov/DocumentCenter/View/3734/City-of-Charleston-2026-Boards-and-Commissions-Meeting-Schedule,2026-12-08
M00081,E0201,https://www.youtube.com/@CityofCharlestonSCgov/streams,2026-12-08
M00082,E0389,https://www.charleston-sc.gov/DocumentCenter/View/3734/City-of-Charleston-2026-Boards-and-Commissions-Meeting-Schedule,2026-12-22
M00083,E0389,https://www.youtube.com/@CityofCharlestonSCgov/streams,2026-12-22
M00084,E0236,https://www.charleston-sc.gov/DocumentCenter/View/3734/City-of-Charleston-2026-Boards-and-Commissions-Meeting-Schedule,2026-11-12
M00085,E0415,https://www.charleston-sc.gov/DocumentCenter/View/3734/City-of-Charleston-2026-Boards-and-Commissions-Meeting-Schedule,2026-11-26
M00086,E0213,https://www.charleston-sc.gov/DocumentCenter/View/3734/City-of-Charleston-2026-Boards-and-Commissions-Meeting-Schedule,2026-12-09
M00087,E0237,https://www.charleston-sc.gov/DocumentCenter/View/3734/City-of-Charleston-2026-Boards-and-Commissions-Meeting-Schedule,2026-12-10
M00088,E0417,https://www.charleston-sc.gov/DocumentCenter/View/3734/City-of-Charleston-2026-Boards-and-Commissions-Meeting-Schedule,2026-12-24
M00089,E0221,https://www.charleston-sc.gov/DocumentCenter/View/3734/City-of-Charleston-2026-Boards-and-Commissions-Meeting-Schedule,2026-08-26
M00090,E0222,https://www.charleston-sc.gov/DocumentCenter/View/3734/City-of-Charleston-2026-Boards-and-Commissions-Meeting-Schedule,2026-09-23
M00091,E0223,https://www.charleston-sc.gov/DocumentCenter/View/3734/City-of-Charleston-2026-Boards-and-Commissions-Meeting-Schedule,2026-10-28
M00092,E0224,https://www.charleston-sc.gov/DocumentCenter/View/3734/City-of-Charleston-2026-Boards-and-Commissions-Meeting-Schedule,2026-11-11
M00093,E0225,https://www.charleston-sc.gov/DocumentCenter/View/3734/City-of-Charleston-2026-Boards-and-Commissions-Meeting-Schedule,2026-12-09
M00094,E0245,https://www.charleston-sc.gov/DocumentCenter/View/3734/City-of-Charleston-2026-Boards-and-Commissions-Meeting-Schedule,2026-08-17
M00095,E0246,https://www.charleston-sc.gov/DocumentCenter/View/3734/City-of-Charleston-2026-Boards-and-Commissions-Meeting-Schedule,2026-09-21
M00096,E0247,https://www.charleston-sc.gov/DocumentCenter/View/3734/City-of-Charleston-2026-Boards-and-Commissions-Meeting-Schedule,2026-10-19
M00097,E0248,https://www.charleston-sc.gov/DocumentCenter/View/3734/City-of-Charleston-2026-Boards-and-Commissions-Meeting-Schedule,2026-11-16
M00098,E0249,https://www.charleston-sc.gov/DocumentCenter/View/3734/City-of-Charleston-2026-Boards-and-Commissions-Meeting-Schedule,2026-12-21
M00099,E0257,https://www.charleston-sc.gov/DocumentCenter/View/3734/City-of-Charleston-2026-Boards-and-Commissions-Meeting-Schedule,2026-08-18
M00100,E0258,https://www.charleston-sc.gov/DocumentCenter/View/3734/City-of-Charleston-2026-Boards-and-Commissions-Meeting-Schedule,2026-09-15
M00101,E0259,https://www.charleston-sc.gov/DocumentCenter/View/3734/City-of-Charleston-2026-Boards-and-Commissions-Meeting-Schedule,2026-10-20
M00102,E0260,https://www.charleston-sc.gov/DocumentCenter/View/3734/City-of-Charleston-2026-Boards-and-Commissions-Meeting-Schedule,2026-11-17
M00103,E0261,https://www.charleston-sc.gov/DocumentCenter/View/3734/City-of-Charleston-2026-Boards-and-Commissions-Meeting-Schedule,2026-12-15
M00104,E0378,https://www.charleston-sc.gov/DocumentCenter/View/3734/City-of-Charleston-2026-Boards-and-Commissions-Meeting-Schedule,2026-10-27
M00105,E0304,https://www.charleston-sc.gov/DocumentCenter/View/3734/City-of-Charleston-2026-Boards-and-Commissions-Meeting-Schedule,2026-11-19
M00106,E0383,https://www.charleston-sc.gov/DocumentCenter/View/3734/City-of-Charleston-2026-Boards-and-Commissions-Meeting-Schedule,2026-11-24
M00107,E0307,https://www.charleston-sc.gov/DocumentCenter/View/3734/City-of-Charleston-2026-Boards-and-Commissions-Meeting-Schedule,2026-12-17
M00108,E0388,https://www.charleston-sc.gov/DocumentCenter/View/3734/City-of-Charleston-2026-Boards-and-Commissions-Meeting-Schedule,2026-12-22
M00109,E0296,https://www.charleston-sc.gov/DocumentCenter/View/3734/City-of-Charleston-2026-Boards-and-Commissions-Meeting-Schedule,2026-08-20
M00110,E0299,https://www.charleston-sc.gov/DocumentCenter/View/3734/City-of-Charleston-2026-Boards-and-Commissions-Meeting-Schedule,2026-09-17
M00111,E0302,https://www.charleston-sc.gov/DocumentCenter/View/3734/City-of-Charleston-2026-Boards-and-Commissions-Meeting-Schedule,2026-10-15
M00112,E0305,https://www.charleston-sc.gov/DocumentCenter/View/3734/City-of-Charleston-2026-Boards-and-Commissions-Meeting-Schedule,2026-11-19
M00113,E0308,https://www.charleston-sc.gov/DocumentCenter/View/3734/City-of-Charleston-2026-Boards-and-Commissions-Meeting-Schedule,2026-12-17
M00114,E0297,https://www.charleston-sc.gov/DocumentCenter/View/3734/City-of-Charleston-2026-Boards-and-Commissions-Meeting-Schedule,2026-08-20
M00115,E0300,https://www.charleston-sc.gov/DocumentCenter/View/3734/City-of-Charleston-2026-Boards-and-Commissions-Meeting-Schedule,2026-09-17
M00116,E0303,https://www.charleston-sc.gov/DocumentCenter/View/3734/City-of-Charleston-2026-Boards-and-Commissions-Meeting-Schedule,2026-10-15
M00117,E0306,https://www.charleston-sc.gov/DocumentCenter/View/3734/City-of-Charleston-2026-Boards-and-Commissions-Meeting-Schedule,2026-11-19
M00118,E0309,https://www.charleston-sc.gov/DocumentCenter/View/3734/City-of-Charleston-2026-Boards-and-Commissions-Meeting-Schedule,2026-12-17
M00119,E0310,https://www.charleston-sc.gov/DocumentCenter/View/3734/City-of-Charleston-2026-Boards-and-Commissions-Meeting-Schedule,2026-02-19
M00120,E0310,https://www.youtube.com/@CityofCharlestonSCgov/streams,2026-02-19
M00121,E0311,https://www.charleston-sc.gov/DocumentCenter/View/3734/City-of-Charleston-2026-Boards-and-Commissions-Meeting-Schedule,2026-05-21
M00122,E0311,https://www.youtube.com/@CityofCharlestonSCgov/streams,2026-05-21
M00123,E0312,https://www.charleston-sc.gov/DocumentCenter/View/3734/City-of-Charleston-2026-Boards-and-Commissions-Meeting-Schedule,2026-08-20
M00124,E0312,https://www.youtube.com/@CityofCharlestonSCgov/streams,2026-08-20
M00125,E0313,https://www.charleston-sc.gov/DocumentCenter/View/3734/City-of-Charleston-2026-Boards-and-Commissions-Meeting-Schedule,2026-11-19
M00126,E0313,https://www.youtube.com/@CityofCharlestonSCgov/streams,2026-11-19
M00127,E0314,https://www.charleston-sc.gov/DocumentCenter/View/3734/City-of-Charleston-2026-Boards-and-Commissions-Meeting-Schedule,2026-01-15
M00128,E0315,https://www.charleston-sc.gov/DocumentCenter/View/3734/City-of-Charleston-2026-Boards-and-Commissions-Meeting-Schedule,2026-04-16
M00129,E0316,https://www.charleston-sc.gov/DocumentCenter/View/3734/City-of-Charleston-2026-Boards-and-Commissions-Meeting-Schedule,2026-07-16
M00130,E0317,https://www.charleston-sc.gov/DocumentCenter/View/3734/City-of-Charleston-2026-Boards-and-Commissions-Meeting-Schedule,2026-10-15
M00131,E0325,https://www.charleston-sc.gov/DocumentCenter/View/3734/City-of-Charleston-2026-Boards-and-Commissions-Meeting-Schedule,2026-08-17
M00132,E0325,https://www.youtube.com/@CityofCharlestonSCgov/streams,2026-08-17
M00133,E0326,https://www.charleston-sc.gov/DocumentCenter/View/3734/City-of-Charleston-2026-Boards-and-Commissions-Meeting-Schedule,2026-09-28
M00134,E0326,https://www.youtube.com/@CityofCharlestonSCgov/streams,2026-09-28
M00135,E0327,https://www.charleston-sc.gov/DocumentCenter/View/3734/City-of-Charleston-2026-Boards-and-Commissions-Meeting-Schedule,2026-10-26
M00136,E0327,https://www.youtube.com/@CityofCharlestonSCgov/streams,2026-10-26
M00137,E0328,https://www.charleston-sc.gov/DocumentCenter/View/3734/City-of-Charleston-2026-Boards-and-Commissions-Meeting-Schedule,2026-11-23
M00138,E0328,https://www.youtube.com/@CityofCharlestonSCgov/streams,2026-11-23
M00139,E0329,https://www.charleston-sc.gov/DocumentCenter/View/3734/City-of-Charleston-2026-Boards-and-Commissions-Meeting-Schedule,2026-12-21
M00140,E0329,https://www.youtube.com/@CityofCharlestonSCgov/streams,2026-12-21
M00141,E0365,https://www.charleston-sc.gov/DocumentCenter/View/3734/City-of-Charleston-2026-Boards-and-Commissions-Meeting-Schedule,2026-08-25
M00142,E0370,https://www.charleston-sc.gov/DocumentCenter/View/3734/City-of-Charleston-2026-Boards-and-Commissions-Meeting-Schedule,2026-09-22
M00143,E0375,https://www.charleston-sc.gov/DocumentCenter/View/3734/City-of-Charleston-2026-Boards-and-Commissions-Meeting-Schedule,2026-10-27
M00144,E0380,https://www.charleston-sc.gov/DocumentCenter/View/3734/City-of-Charleston-2026-Boards-and-Commissions-Meeting-Schedule,2026-11-24
M00145,E0385,https://www.charleston-sc.gov/DocumentCenter/View/3734/City-of-Charleston-2026-Boards-and-Commissions-Meeting-Schedule,2026-12-08
M00146,E0366,https://www.charleston-sc.gov/DocumentCenter/View/3734/City-of-Charleston-2026-Boards-and-Commissions-Meeting-Schedule,2026-08-25
M00147,E0371,https://www.charleston-sc.gov/DocumentCenter/View/3734/City-of-Charleston-2026-Boards-and-Commissions-Meeting-Schedule,2026-09-22
M00148,E0376,https://www.charleston-sc.gov/DocumentCenter/View/3734/City-of-Charleston-2026-Boards-and-Commissions-Meeting-Schedule,2026-10-27
M00149,E0381,https://www.charleston-sc.gov/DocumentCenter/View/3734/City-of-Charleston-2026-Boards-and-Commissions-Meeting-Schedule,2026-11-24
M00150,E0386,https://www.charleston-sc.gov/DocumentCenter/View/3734/City-of-Charleston-2026-Boards-and-Commissions-Meeting-Schedule,2026-12-22
M00151,E0367,https://www.charleston-sc.gov/DocumentCenter/View/3734/City-of-Charleston-2026-Boards-and-Commissions-Meeting-Schedule,2026-08-17
M00152,E0367,https://www.youtube.com/@CityofCharlestonSCgov/streams,2026-08-17
M00153,E0372,https://www.charleston-sc.gov/DocumentCenter/View/3734/City-of-Charleston-2026-Boards-and-Commissions-Meeting-Schedule,2026-09-22
M00154,E0372,https://www.youtube.com/@CityofCharlestonSCgov/streams,2026-09-22
M00155,E0377,https://www.charleston-sc.gov/DocumentCenter/View/3734/City-of-Charleston-2026-Boards-and-Commissions-Meeting-Schedule,2026-10-27
M00156,E0377,https://www.youtube.com/@CityofCharlestonSCgov/streams,2026-10-27
M00157,E0382,https://www.charleston-sc.gov/DocumentCenter/View/3734/City-of-Charleston-2026-Boards-and-Commissions-Meeting-Schedule,2026-11-24
M00158,E0382,https://www.youtube.com/@CityofCharlestonSCgov/streams,2026-11-24
M00159,E0387,https://www.charleston-sc.gov/DocumentCenter/View/3734/City-of-Charleston-2026-Boards-and-Commissions-Meeting-Schedule,2026-12-21
M00160,E0387,https://www.youtube.com/@CityofCharlestonSCgov/streams,2026-12-21
M00161,E0391,https://www.charleston-sc.gov/DocumentCenter/View/3734/City-of-Charleston-2026-Boards-and-Commissions-Meeting-Schedule,2026-03-25
M00162,E0392,https://www.charleston-sc.gov/DocumentCenter/View/3734/City-of-Charleston-2026-Boards-and-Commissions-Meeting-Schedule,2026-05-27
M00163,E0393,https://www.charleston-sc.gov/DocumentCenter/View/3734/City-of-Charleston-2026-Boards-and-Commissions-Meeting-Schedule,2026-07-22
M00164,E0394,https://www.charleston-sc.gov/DocumentCenter/View/3734/City-of-Charleston-2026-Boards-and-Commissions-Meeting-Schedule,2026-09-23
M00165,E0395,https://www.charleston-sc.gov/DocumentCenter/View/3734/City-of-Charleston-2026-Boards-and-Commissions-Meeting-Schedule,2026-11-25
M00166,E0410,https://www.charleston-sc.gov/DocumentCenter/View/3734/City-of-Charleston-2026-Boards-and-Commissions-Meeting-Schedule,2026-08-27
M00167,E0412,https://www.charleston-sc.gov/DocumentCenter/View/3734/City-of-Charleston-2026-Boards-and-Commissions-Meeting-Schedule,2026-09-24
M00168,E0414,https://www.charleston-sc.gov/DocumentCenter/View/3734/City-of-Charleston-2026-Boards-and-Commissions-Meeting-Schedule,2026-10-22
M00169,E0416,https://www.charleston-sc.gov/DocumentCenter/View/3734/City-of-Charleston-2026-Boards-and-Commissions-Meeting-Schedule,2026-11-26
M00170,E0418,https://www.charleston-sc.gov/DocumentCenter/View/3734/City-of-Charleston-2026-Boards-and-Commissions-Meeting-Schedule,2026-12-24
M00171,E0419,https://www.charleston-sc.gov/AgendaCenter/Search/?term=&CIDs=20&startDate=01/01/2026&endDate=12/31/2026&dateRange=Custom,2026-01-27
M00172,E0431,https://www.charleston-sc.gov/AgendaCenter/Search/?term=&CIDs=74&startDate=01/01/2026&endDate=12/31/2026&dateRange=Custom,2026-01-22
M00173,E0434,https://www.charleston-sc.gov/AgendaCenter/Search/?term=&CIDs=7&startDate=01/01/2026&endDate=12/31/2026&dateRange=Custom,2026-01-13
M00174,E0433,https://www.charleston-sc.gov/AgendaCenter/Search/?term=&CIDs=7&startDate=01/01/2026&endDate=12/31/2026&dateRange=Custom,2026-01-26
M00175,E0432,https://www.charleston-sc.gov/AgendaCenter/Search/?term=&CIDs=7&startDate=01/01/2026&endDate=12/31/2026&dateRange=Custom,2026-01-27
M00176,E0436,https://www.charleston-sc.gov/AgendaCenter/Search/?term=&CIDs=69&startDate=01/01/2026&endDate=12/31/2026&dateRange=Custom,2026-01-15
M00177,E0437,https://www.charleston-sc.gov/AgendaCenter/Search/?term=&CIDs=5&startDate=01/01/2026&endDate=12/31/2026&dateRange=Custom,2026-01-21
M00178,E0444,https://www.charleston-sc.gov/AgendaCenter/Search/?term=&CIDs=8&startDate=01/01/2026&endDate=12/31/2026&dateRange=Custom,2026-01-08
M00179,E0443,https://www.charleston-sc.gov/AgendaCenter/Search/?term=&CIDs=8&startDate=01/01/2026&endDate=12/31/2026&dateRange=Custom,2026-01-15
M00180,E0442,https://www.charleston-sc.gov/AgendaCenter/Search/?term=&CIDs=8&startDate=01/01/2026&endDate=12/31/2026&dateRange=Custom,2026-01-22
M00181,E0441,https://www.charleston-sc.gov/AgendaCenter/Search/?term=&CIDs=8&startDate=01/01/2026&endDate=12/31/2026&dateRange=Custom,2026-02-05
